## AND Operator
* Takes two conditions and returns `true` or `false` based on their evaluation
* Any `non-zero` value is considered `true`, and it usually returns the value `1` to signify `true`
* `0` is considered `false`

```sql
condition1 AND condition2
```

```sql
mysql> SELECT 1 = 1 AND 'test' = 'test';

+---------------------------+
| 1 = 1 AND 'test' = 'test' |
+---------------------------+
|                         1 |
+---------------------------+
1 row in set (0.00 sec)
```

```sql
mysql> SELECT 1 = 1 AND 'test' = 'abc';

+--------------------------+
| 1 = 1 AND 'test' = 'abc' |
+--------------------------+
|                        0 |
+--------------------------+
1 row in set (0.00 sec)
```

## OR Operator

```sql
mysql> SELECT 1 = 1 OR 'test' = 'abc';

+-------------------------+
| 1 = 1 OR 'test' = 'abc' |
+-------------------------+
|                       1 |
+-------------------------+
1 row in set (0.00 sec)
```

```sql
mysql> SELECT 1 = 2 OR 'test' = 'abc';

+-------------------------+
| 1 = 2 OR 'test' = 'abc' |
+-------------------------+
|                       0 |
+-------------------------+
1 row in set (0.00 sec)
```

## NOT Operator
```sql
mysql> SELECT NOT 1 = 1;

+-----------+
| NOT 1 = 1 |
+-----------+
|         0 |
+-----------+
1 row in set (0.00 sec)
```

```sql
mysql> SELECT NOT 1 = 2;

+-----------+
| NOT 1 = 2 |
+-----------+
|         1 |
+-----------+
1 row in set (0.00 sec)
```

## Symbol Operators
* Before operators can also be represented as `&&`, `||` and `!`

```sql
mysql> SELECT 1 = 1 && 'test' = 'abc';

+-------------------------+
| 1 = 1 && 'test' = 'abc' |
+-------------------------+
|                       0 |
+-------------------------+

mysql> SELECT 1 = 1 || 'test' = 'abc';

+-------------------------+
| 1 = 1 || 'test' = 'abc' |
+-------------------------+
|                       1 |
+-------------------------+

mysql> SELECT 1 != 1;

+--------+
| 1 != 1 |
+--------+
|      0 |
+--------+
```

## Operators in queries
```sql
mysql> SELECT * FROM logins WHERE username != 'john';

+----+---------------+------------+---------------------+
| id | username      | password   | date_of_joining     |
+----+---------------+------------+---------------------+
|  1 | admin         | p@ssw0rd   | 2020-07-02 00:00:00 |
|  2 | administrator | adm1n_p@ss | 2020-07-02 11:30:50 |
|  4 | tom           | tom123!    | 2020-07-02 11:47:16 |
+----+---------------+------------+---------------------+
3 rows in set (0.00 sec)
```

```sql
mysql> SELECT * FROM logins WHERE username != 'john' AND id > 1;

+----+---------------+------------+---------------------+
| id | username      | password   | date_of_joining     |
+----+---------------+------------+---------------------+
|  2 | administrator | adm1n_p@ss | 2020-07-02 11:30:50 |
|  4 | tom           | tom123!    | 2020-07-02 11:47:16 |
+----+---------------+------------+---------------------+
2 rows in set (0.00 sec)
```

* Common operators
	-   Division (`/`), Multiplication (`*`), and Modulus (`%`)
	-   Addition (`+`) and subtraction (`-`)
	-   Comparison (`=`, `>`, `<`, `<=`, `>=`, `!=`, `LIKE`)
	-   NOT (`!`)
	-   AND (`&&`)
	-   OR (`||`)
* Evaluated from top to bottom

```sql
SELECT * FROM logins WHERE username != 'tom' AND id > 3 - 2;
```

* The query has four operations: `!=`, `AND`, `>`, and `-`
* From the operator precedence, we know that subtraction comes first, so it will first evaluate `3 - 2` to `1`

```sql
SELECT * FROM logins WHERE username != 'tom' AND id > 1;
```

```sql
mysql> select * from logins where username != 'tom' AND id > 3 - 2;

+----+---------------+------------+---------------------+
| id | username      | password   | date_of_joining     |
+----+---------------+------------+---------------------+
|  2 | administrator | adm1n_p@ss | 2020-07-03 12:03:53 |
|  3 | john          | john123!   | 2020-07-03 12:03:57 |
+----+---------------+------------+---------------------+
2 rows in set (0.00 sec)
```

